<code_scheme name="Default (1)" version="173">
  <MarkdownNavigatorCodeStyleSettings>
    <option name="RIGHT_MARGIN" value="72" />
  </MarkdownNavigatorCodeStyleSettings>
  <XML>
    <option name="XML_LEGACY_SETTINGS_IMPORTED" value="true" />
  </XML>
  <codeStyleSettings language="EditorConfig">
    <option name="ALIGN_GROUP_FIELD_DECLARATIONS" value="true" />
    <option name="SPACE_AFTER_COLON" value="true" />
  </codeStyleSettings>
  <codeStyleSettings language="Erlang">
    <indentOptions>
      <option name="INDENT_SIZE" value="4" />
      <option name="TAB_SIZE" value="4" />
    </indentOptions>
  </codeStyleSettings>
</code_scheme>