<keymap version="1" name="Eclipse copy" parent="Eclipse">
  <action id="ActivateDebugToolWindow" />
  <action id="ActivateFavoritesToolWindow">
    <keyboard-shortcut first-keystroke="alt 7" />
  </action>
  <action id="ActivateRunToolWindow" />
  <action id="ActivateStructureToolWindow">
    <keyboard-shortcut first-keystroke="alt 4" />
  </action>
  <action id="ActivateTerminalToolWindow">
    <keyboard-shortcut first-keystroke="alt f12" />
    <keyboard-shortcut first-keystroke="alt back_quote" />
    <keyboard-shortcut first-keystroke="alt 2" />
  </action>
  <action id="ActivityTracker-Popup">
    <keyboard-shortcut first-keystroke="shift ctrl alt o" />
  </action>
  <action id="ChangesView.SetDefault" />
  <action id="CloseAllEditors">
    <keyboard-shortcut first-keystroke="shift ctrl f4" />
  </action>
  <action id="CloseProject">
    <keyboard-shortcut first-keystroke="alt back_space" />
  </action>
  <action id="CodeCompletion" />
  <action id="ContextHelp" />
  <action id="DatabaseView.PropertiesAction">
    <keyboard-shortcut first-keystroke="enter" />
  </action>
  <action id="Debug">
    <keyboard-shortcut first-keystroke="shift f9" />
  </action>
  <action id="Debugger.ResumeThread">
    <keyboard-shortcut first-keystroke="f9" />
  </action>
  <action id="FileStructurePopup">
    <keyboard-shortcut first-keystroke="ctrl o" />
    <keyboard-shortcut first-keystroke="alt m" />
  </action>
  <action id="GotoFile">
    <keyboard-shortcut first-keystroke="shift ctrl n" />
  </action>
  <action id="GotoSymbol">
    <keyboard-shortcut first-keystroke="shift ctrl alt n" />
    <keyboard-shortcut first-keystroke="f4" />
  </action>
  <action id="HighlightUsagesInFile">
    <keyboard-shortcut first-keystroke="shift alt o" />
    <keyboard-shortcut first-keystroke="alt f8" />
  </action>
  <action id="OpenFile">
    <keyboard-shortcut first-keystroke="alt end" />
  </action>
  <action id="QuickJavaDoc">
    <mouse-shortcut keystroke="alt button2" />
    <keyboard-shortcut first-keystroke="shift ctrl space" />
    <keyboard-shortcut first-keystroke="f1" />
  </action>
  <action id="RecentFiles">
    <keyboard-shortcut first-keystroke="ctrl e" />
    <keyboard-shortcut first-keystroke="f2" />
  </action>
  <action id="ReplaceInPath">
    <keyboard-shortcut first-keystroke="alt h" />
  </action>
  <action id="Resume">
    <keyboard-shortcut first-keystroke="f9" />
  </action>
  <action id="Run">
    <keyboard-shortcut first-keystroke="shift f10" />
  </action>
  <action id="ShowIntentionActions">
    <keyboard-shortcut first-keystroke="shift alt j" />
    <keyboard-shortcut first-keystroke="shift ctrl m" />
    <keyboard-shortcut first-keystroke="alt i" />
  </action>
  <action id="SplitHorizontally">
    <keyboard-shortcut first-keystroke="alt p" />
  </action>
  <action id="SplitVertically">
    <keyboard-shortcut first-keystroke="alt v" />
  </action>
  <action id="SwitchApply">
    <keyboard-shortcut first-keystroke="shift alt enter" />
  </action>
  <action id="SwitchDown">
    <keyboard-shortcut first-keystroke="shift alt down" />
  </action>
  <action id="SwitchLeft">
    <keyboard-shortcut first-keystroke="shift alt left" />
  </action>
  <action id="SwitchRight">
    <keyboard-shortcut first-keystroke="shift alt right" />
  </action>
  <action id="SwitchUp">
    <keyboard-shortcut first-keystroke="shift alt up" />
  </action>
  <action id="Tool_External Tools_DirectoryOpus_Open">
    <keyboard-shortcut first-keystroke="alt d" />
  </action>
  <action id="Tool_External Tools_OpenFolder">
    <keyboard-shortcut first-keystroke="alt e" />
  </action>
  <action id="TypeHierarchy" />
  <action id="Vcs.QuickListPopupAction" />
  <action id="Vcs.ShowTabbedFileHistory">
    <keyboard-shortcut first-keystroke="f11" />
  </action>
  <action id="XDebugger.AttachToLocalProcess">
    <keyboard-shortcut first-keystroke="f9" />
  </action>
</keymap>