<application>
  <component name="FileTypeManager" version="17">
    <ignoreFiles list="*$py.class;*.hprof;*.pyc;*.pyo;*.rbc;*.yarb;*~;.DS_Store;.git;.hg;.svn;CVS;__pycache__;_svn;vssver.scc;vssver2.scc;" />
    <extensionMap>
      <mapping ext="flow" type="Binary File" />
      <mapping pattern="playback_user_id" type="PLAIN_TEXT" />
      <mapping pattern="locust_user_id" type="PLAIN_TEXT" />
      <mapping ext="file" type="PLAIN_TEXT" />
      <mapping pattern="*.proto.txt" type="protobuf" />
      <removed_mapping ext="flow" approved="true" type="PLAIN_TEXT" />
    </extensionMap>
  </component>
</application>