<application>
  <component name="ProjectJdkTable">
    <jdk version="2">
      <name value="Python 3.8 (hello_locust)" />
      <type value="Python SDK" />
      <version value="Python 3.8.3" />
      <homePath value="D:\Programs\anaconda3\envs\hello_locust\python.exe" />
      <roots>
        <classPath>
          <root type="composite">
            <root url="file://D:/Programs/anaconda3/envs/hello_locust/DLLs" type="simple" />
            <root url="file://D:/Programs/anaconda3/envs/hello_locust/Lib" type="simple" />
            <root url="file://D:/Programs/anaconda3/envs/hello_locust/Lib/site-packages" type="simple" />
            <root url="file://$USER_HOME$/AppData/Local/JetBrains/PyCharmCE2020.2/python_stubs/1728277105" type="simple" />
            <root url="file://$APPLICATION_HOME_DIR$/plugins/python-ce/helpers/python-skeletons" type="simple" />
            <root url="file://$APPLICATION_HOME_DIR$/plugins/python-ce/helpers/typeshed/stdlib/3.7" type="simple" />
            <root url="file://$APPLICATION_HOME_DIR$/plugins/python-ce/helpers/typeshed/stdlib/3" type="simple" />
            <root url="file://$APPLICATION_HOME_DIR$/plugins/python-ce/helpers/typeshed/stdlib/2and3" type="simple" />
            <root url="file://$APPLICATION_HOME_DIR$/plugins/python-ce/helpers/typeshed/third_party/3" type="simple" />
            <root url="file://$APPLICATION_HOME_DIR$/plugins/python-ce/helpers/typeshed/third_party/2and3" type="simple" />
          </root>
        </classPath>
        <sourcePath>
          <root type="composite" />
        </sourcePath>
      </roots>
      <additional ASSOCIATED_PROJECT_PATH="I:/GitHub/hello/hello_locust" />
    </jdk>
    <jdk version="2">
      <name value="Python 3.8 (load_testing)" />
      <type value="Python SDK" />
      <version value="Python 3.8.3" />
      <homePath value="D:\Programs\anaconda3\envs\load_testing\python.exe" />
      <roots>
        <classPath>
          <root type="composite">
            <root url="file://D:/Programs/anaconda3/envs/load_testing/DLLs" type="simple" />
            <root url="file://D:/Programs/anaconda3/envs/load_testing/Lib" type="simple" />
            <root url="file://D:/Programs/anaconda3/envs/load_testing/Lib/site-packages" type="simple" />
            <root url="file://$USER_HOME$/AppData/Local/JetBrains/PyCharmCE2020.2/python_stubs/-185744227" type="simple" />
            <root url="file://$APPLICATION_HOME_DIR$/plugins/python-ce/helpers/python-skeletons" type="simple" />
            <root url="file://$APPLICATION_HOME_DIR$/plugins/python-ce/helpers/typeshed/stdlib/3.7" type="simple" />
            <root url="file://$APPLICATION_HOME_DIR$/plugins/python-ce/helpers/typeshed/stdlib/3" type="simple" />
            <root url="file://$APPLICATION_HOME_DIR$/plugins/python-ce/helpers/typeshed/stdlib/2and3" type="simple" />
            <root url="file://$APPLICATION_HOME_DIR$/plugins/python-ce/helpers/typeshed/third_party/3" type="simple" />
            <root url="file://$APPLICATION_HOME_DIR$/plugins/python-ce/helpers/typeshed/third_party/2and3" type="simple" />
          </root>
        </classPath>
        <sourcePath>
          <root type="composite" />
        </sourcePath>
      </roots>
      <additional ASSOCIATED_PROJECT_PATH="X:/P32/int_adr/server/load_testing" />
    </jdk>
  </component>
</application>