<application>
  <component name="CodeFoldingSettings">
    <option name="COLLAPSE_METHODS" value="true" />
  </component>
  <component name="CodeInsightSettings">
    <option name="completionCaseSensitive" value="1" />
    <option name="SHOW_PARAMETER_NAME_HINTS_ON_COMPLETION" value="true" />
    <option name="AUTO_POPUP_JAVADOC_INFO" value="true" />
    <option name="JAVADOC_INFO_DELAY" value="200" />
    <option name="COMPLETION_CASE_SENSITIVE" value="1" />
    <option name="SHOW_FULL_SIGNATURES_IN_PARAMETER_INFO" value="true" />
  </component>
  <component name="DaemonCodeAnalyzerSettings">
    <option name="ERROR_STRIPE_MARK_MIN_HEIGHT" value="3" />
    <option name="SHOW_ADD_IMPORT_HINTS" value="false" />
    <option name="SHOW_METHOD_SEPARATORS" value="true" />
  </component>
  <component name="EditorSettings">
    <option name="USE_SOFT_WRAPS" value="CONSOLE" />
    <option name="SOFT_WRAP_FILE_MASKS" value="*.md; *.txt; *.rst; *.adoc" />
    <option name="CARET_BLINKING_PERIOD" value="1000" />
  </component>
  <component name="InlayHintsSettings">
    <option name="lastViewedProviderKeyId" value="parameter.hints.old" />
  </component>
  <component name="TodoConfiguration">
    <pattern pattern="\btodo\b.*" />
    <pattern pattern="\bfixme\b.*" />
    <pattern icon="important" useCustomColors="true" pattern="注意\b.">
      <option name="FOREGROUND" value="ed4337" />
      <option name="FONT_TYPE" value="1" />
      <option name="EFFECT_TYPE" value="5" />
    </pattern>
    <pattern icon="important" useCustomColors="true" pattern="\bNotice\b.">
      <option name="FOREGROUND" value="ed4337" />
      <option name="FONT_TYPE" value="1" />
    </pattern>
    <pattern icon="important" useCustomColors="true" pattern="注\b">
      <option name="FOREGROUND" value="d9b415" />
    </pattern>
    <filter name="todo">
      <pattern index="1" />
      <pattern index="0" />
    </filter>
  </component>
  <component name="XmlSettings">
    <option name="SHOW_XML_ADD_IMPORT_HINTS" value="false" />
  </component>
</application>