<application>
  <component name="FileTypeManager" version="18">
    <ignoreFiles list="*.meta;*.pyc;*.pyo;*.rbc;*~;.DS_Store;.git;.hg;.svn;CVS;RCS;SCCS;__pycache__;_svn;rcs;vssver.scc;vssver2.scc" />
    <extensionMap>
      <mapping ext="escript" type="Erlang" />
      <mapping pattern="hero_attr_port.cfg" type="PLAIN_TEXT" />
      <mapping ext="boot" type="PLAIN_TEXT" />
      <removed_mapping ext="apk" approved="true" type="ARCHIVE" />
      <removed_mapping ext="bat" approved="true" type="PLAIN_TEXT" />
      <removed_mapping ext="beam" approved="true" type="PLAIN_TEXT" />
      <removed_mapping ext="cmd" approved="true" type="PLAIN_TEXT" />
      <removed_mapping ext="config" approved="true" type="LOMBOK_CONFIG" />
      <removed_mapping ext="dockerfile" approved="true" type="textmate" />
      <removed_mapping ext="log" approved="true" type="PLAIN_TEXT" />
      <removed_mapping ext="makefile" approved="true" type="textmate" />
      <removed_mapping pattern="*.proto.txt" approved="true" type="prototext" />
      <removed_mapping ext="psd" approved="true" type="Image" />
      <removed_mapping ext="rs" approved="true" type="Android RenderScript" />
      <removed_mapping ext="snakefile" approved="true" type="textmate" />
      <removed_mapping ext="txt" approved="true" type="lua" />
      <removed_mapping pattern=".cfg" approved="true" type="Erlang Terms" />
      <removed_mapping pattern=".escript" approved="true" type="Erlang" />
      <mapping pattern="*.data.cfg" type="Erlang Terms" />
      <mapping ext="escript" type="Erlang" />
      <mapping ext="fnc" type="DBN-PSQL" />
      <mapping ext="gradle.kts" type="Kotlin" />
      <mapping pattern="*.lua.txt" type="lua" />
      <mapping ext="main.kts" type="Kotlin" />
      <mapping ext="pkb" type="DBN-PSQL" />
      <mapping ext="pkg" type="DBN-PSQL" />
      <mapping ext="pks" type="DBN-PSQL" />
      <mapping ext="prc" type="DBN-PSQL" />
      <mapping pattern="*.proto.txt" type="PROTO" />
      <mapping ext="tpb" type="DBN-PSQL" />
      <mapping ext="tpe" type="DBN-PSQL" />
      <mapping ext="tps" type="DBN-PSQL" />
      <mapping ext="trg" type="DBN-PSQL" />
      <mapping ext="vw" type="DBN-SQL" />
      <mapping pattern=".bat" type="Batch" />
      <mapping pattern=".cmd" type="Batch" />
    </extensionMap>
  </component>
</application>