<application>
  <component name="FindSettings">
    <option name="customScope" value="All Places" />
    <option name="defaultScopeName" value="All Places" />
    <option name="localCaseSensitive" value="true" />
    <option name="localWholeWordsOnly" value="true" />
    <option name="LOCAL_CASE_SENSITIVE_SEARCH" value="true" />
    <option name="LOCAL_WHOLE_WORDS_ONLY" value="true" />
    <option name="SEARCH_SCOPE" value="All Places" />
    <mask>*.properties</mask>
    <mask>*.html</mask>
    <mask>*.jsp</mask>
    <mask>*.java</mask>
    <mask>*.js</mask>
    <mask>*.as</mask>
    <mask>*.css</mask>
    <mask>*.mxml</mask>
    <mask>*Scene.lua.txt</mask>
    <mask>*_port.erl</mask>
    <mask>*.cfg</mask>
    <mask>*.lua</mask>
    <mask>*.erl</mask>
    <mask>*.lua.txt</mask>
    <mask>*.xml</mask>
  </component>
</application>