<application>
  <component name="ProjectJdkTable">
    <jdk version="2">
      <name value="Lua" />
      <type value="Lua SDK" />
      <homePath value="" />
      <roots>
        <annotationsPath>
          <root type="composite" />
        </annotationsPath>
        <classPath>
          <root type="composite" />
        </classPath>
        <javadocPath>
          <root type="composite" />
        </javadocPath>
        <sourcePath>
          <root type="composite" />
        </sourcePath>
      </roots>
      <additional />
    </jdk>
    <jdk version="2">
      <name value="11" />
      <type value="JavaSDK" />
      <version value="java version &quot;11.0.3&quot;" />
      <homePath value="$APPLICATION_HOME_DIR$/jbr" />
      <roots>
        <annotationsPath>
          <root type="composite">
            <root url="jar://$APPLICATION_HOME_DIR$/plugins/java/lib/jdkAnnotations.jar!/" type="simple" />
          </root>
        </annotationsPath>
        <classPath>
          <root type="composite">
            <root url="jrt://H:/JetBrains/apps/IDEA-C/ch-0/192.5728.98/jbr!/java.base" type="simple" />
            <root url="jrt://H:/JetBrains/apps/IDEA-C/ch-0/192.5728.98/jbr!/java.compiler" type="simple" />
            <root url="jrt://H:/JetBrains/apps/IDEA-C/ch-0/192.5728.98/jbr!/java.datatransfer" type="simple" />
            <root url="jrt://H:/JetBrains/apps/IDEA-C/ch-0/192.5728.98/jbr!/java.desktop" type="simple" />
            <root url="jrt://H:/JetBrains/apps/IDEA-C/ch-0/192.5728.98/jbr!/java.instrument" type="simple" />
            <root url="jrt://H:/JetBrains/apps/IDEA-C/ch-0/192.5728.98/jbr!/java.logging" type="simple" />
            <root url="jrt://H:/JetBrains/apps/IDEA-C/ch-0/192.5728.98/jbr!/java.management" type="simple" />
            <root url="jrt://H:/JetBrains/apps/IDEA-C/ch-0/192.5728.98/jbr!/java.management.rmi" type="simple" />
            <root url="jrt://H:/JetBrains/apps/IDEA-C/ch-0/192.5728.98/jbr!/java.naming" type="simple" />
            <root url="jrt://H:/JetBrains/apps/IDEA-C/ch-0/192.5728.98/jbr!/java.net.http" type="simple" />
            <root url="jrt://H:/JetBrains/apps/IDEA-C/ch-0/192.5728.98/jbr!/java.prefs" type="simple" />
            <root url="jrt://H:/JetBrains/apps/IDEA-C/ch-0/192.5728.98/jbr!/java.rmi" type="simple" />
            <root url="jrt://H:/JetBrains/apps/IDEA-C/ch-0/192.5728.98/jbr!/java.scripting" type="simple" />
            <root url="jrt://H:/JetBrains/apps/IDEA-C/ch-0/192.5728.98/jbr!/java.se" type="simple" />
            <root url="jrt://H:/JetBrains/apps/IDEA-C/ch-0/192.5728.98/jbr!/java.security.jgss" type="simple" />
            <root url="jrt://H:/JetBrains/apps/IDEA-C/ch-0/192.5728.98/jbr!/java.security.sasl" type="simple" />
            <root url="jrt://H:/JetBrains/apps/IDEA-C/ch-0/192.5728.98/jbr!/java.smartcardio" type="simple" />
            <root url="jrt://H:/JetBrains/apps/IDEA-C/ch-0/192.5728.98/jbr!/java.sql" type="simple" />
            <root url="jrt://H:/JetBrains/apps/IDEA-C/ch-0/192.5728.98/jbr!/java.sql.rowset" type="simple" />
            <root url="jrt://H:/JetBrains/apps/IDEA-C/ch-0/192.5728.98/jbr!/java.transaction.xa" type="simple" />
            <root url="jrt://H:/JetBrains/apps/IDEA-C/ch-0/192.5728.98/jbr!/java.xml" type="simple" />
            <root url="jrt://H:/JetBrains/apps/IDEA-C/ch-0/192.5728.98/jbr!/java.xml.crypto" type="simple" />
            <root url="jrt://H:/JetBrains/apps/IDEA-C/ch-0/192.5728.98/jbr!/javafx.base" type="simple" />
            <root url="jrt://H:/JetBrains/apps/IDEA-C/ch-0/192.5728.98/jbr!/javafx.controls" type="simple" />
            <root url="jrt://H:/JetBrains/apps/IDEA-C/ch-0/192.5728.98/jbr!/javafx.fxml" type="simple" />
            <root url="jrt://H:/JetBrains/apps/IDEA-C/ch-0/192.5728.98/jbr!/javafx.graphics" type="simple" />
            <root url="jrt://H:/JetBrains/apps/IDEA-C/ch-0/192.5728.98/jbr!/javafx.media" type="simple" />
            <root url="jrt://H:/JetBrains/apps/IDEA-C/ch-0/192.5728.98/jbr!/javafx.swing" type="simple" />
            <root url="jrt://H:/JetBrains/apps/IDEA-C/ch-0/192.5728.98/jbr!/javafx.web" type="simple" />
            <root url="jrt://H:/JetBrains/apps/IDEA-C/ch-0/192.5728.98/jbr!/jdk.accessibility" type="simple" />
            <root url="jrt://H:/JetBrains/apps/IDEA-C/ch-0/192.5728.98/jbr!/jdk.aot" type="simple" />
            <root url="jrt://H:/JetBrains/apps/IDEA-C/ch-0/192.5728.98/jbr!/jdk.attach" type="simple" />
            <root url="jrt://H:/JetBrains/apps/IDEA-C/ch-0/192.5728.98/jbr!/jdk.charsets" type="simple" />
            <root url="jrt://H:/JetBrains/apps/IDEA-C/ch-0/192.5728.98/jbr!/jdk.compiler" type="simple" />
            <root url="jrt://H:/JetBrains/apps/IDEA-C/ch-0/192.5728.98/jbr!/jdk.crypto.cryptoki" type="simple" />
            <root url="jrt://H:/JetBrains/apps/IDEA-C/ch-0/192.5728.98/jbr!/jdk.crypto.ec" type="simple" />
            <root url="jrt://H:/JetBrains/apps/IDEA-C/ch-0/192.5728.98/jbr!/jdk.dynalink" type="simple" />
            <root url="jrt://H:/JetBrains/apps/IDEA-C/ch-0/192.5728.98/jbr!/jdk.httpserver" type="simple" />
            <root url="jrt://H:/JetBrains/apps/IDEA-C/ch-0/192.5728.98/jbr!/jdk.internal.ed" type="simple" />
            <root url="jrt://H:/JetBrains/apps/IDEA-C/ch-0/192.5728.98/jbr!/jdk.internal.jvmstat" type="simple" />
            <root url="jrt://H:/JetBrains/apps/IDEA-C/ch-0/192.5728.98/jbr!/jdk.internal.le" type="simple" />
            <root url="jrt://H:/JetBrains/apps/IDEA-C/ch-0/192.5728.98/jbr!/jdk.internal.vm.ci" type="simple" />
            <root url="jrt://H:/JetBrains/apps/IDEA-C/ch-0/192.5728.98/jbr!/jdk.internal.vm.compiler" type="simple" />
            <root url="jrt://H:/JetBrains/apps/IDEA-C/ch-0/192.5728.98/jbr!/jdk.internal.vm.compiler.management" type="simple" />
            <root url="jrt://H:/JetBrains/apps/IDEA-C/ch-0/192.5728.98/jbr!/jdk.jdi" type="simple" />
            <root url="jrt://H:/JetBrains/apps/IDEA-C/ch-0/192.5728.98/jbr!/jdk.jdwp.agent" type="simple" />
            <root url="jrt://H:/JetBrains/apps/IDEA-C/ch-0/192.5728.98/jbr!/jdk.jfr" type="simple" />
            <root url="jrt://H:/JetBrains/apps/IDEA-C/ch-0/192.5728.98/jbr!/jdk.jsobject" type="simple" />
            <root url="jrt://H:/JetBrains/apps/IDEA-C/ch-0/192.5728.98/jbr!/jdk.localedata" type="simple" />
            <root url="jrt://H:/JetBrains/apps/IDEA-C/ch-0/192.5728.98/jbr!/jdk.management" type="simple" />
            <root url="jrt://H:/JetBrains/apps/IDEA-C/ch-0/192.5728.98/jbr!/jdk.management.agent" type="simple" />
            <root url="jrt://H:/JetBrains/apps/IDEA-C/ch-0/192.5728.98/jbr!/jdk.management.jfr" type="simple" />
            <root url="jrt://H:/JetBrains/apps/IDEA-C/ch-0/192.5728.98/jbr!/jdk.naming.dns" type="simple" />
            <root url="jrt://H:/JetBrains/apps/IDEA-C/ch-0/192.5728.98/jbr!/jdk.naming.rmi" type="simple" />
            <root url="jrt://H:/JetBrains/apps/IDEA-C/ch-0/192.5728.98/jbr!/jdk.net" type="simple" />
            <root url="jrt://H:/JetBrains/apps/IDEA-C/ch-0/192.5728.98/jbr!/jdk.pack" type="simple" />
            <root url="jrt://H:/JetBrains/apps/IDEA-C/ch-0/192.5728.98/jbr!/jdk.scripting.nashorn" type="simple" />
            <root url="jrt://H:/JetBrains/apps/IDEA-C/ch-0/192.5728.98/jbr!/jdk.scripting.nashorn.shell" type="simple" />
            <root url="jrt://H:/JetBrains/apps/IDEA-C/ch-0/192.5728.98/jbr!/jdk.sctp" type="simple" />
            <root url="jrt://H:/JetBrains/apps/IDEA-C/ch-0/192.5728.98/jbr!/jdk.security.auth" type="simple" />
            <root url="jrt://H:/JetBrains/apps/IDEA-C/ch-0/192.5728.98/jbr!/jdk.security.jgss" type="simple" />
            <root url="jrt://H:/JetBrains/apps/IDEA-C/ch-0/192.5728.98/jbr!/jdk.unsupported" type="simple" />
            <root url="jrt://H:/JetBrains/apps/IDEA-C/ch-0/192.5728.98/jbr!/jdk.xml.dom" type="simple" />
            <root url="jrt://H:/JetBrains/apps/IDEA-C/ch-0/192.5728.98/jbr!/jdk.zipfs" type="simple" />
          </root>
        </classPath>
        <javadocPath>
          <root type="composite" />
        </javadocPath>
        <sourcePath>
          <root type="composite" />
        </sourcePath>
      </roots>
      <additional />
    </jdk>
    <jdk version="2">
      <name value="Elixir" />
      <type value="Elixir SDK" />
      <homePath value="N:/SDK/Elixir" />
      <roots>
        <annotationsPath>
          <root type="composite" />
        </annotationsPath>
        <classPath>
          <root type="composite">
            <root url="file://N:/SDK/Elixir/lib/eex/ebin" type="simple" />
            <root url="file://N:/SDK/Elixir/lib/elixir/ebin" type="simple" />
            <root url="file://N:/SDK/Elixir/lib/ex_unit/ebin" type="simple" />
            <root url="file://N:/SDK/Elixir/lib/iex/ebin" type="simple" />
            <root url="file://N:/SDK/Elixir/lib/logger/ebin" type="simple" />
            <root url="file://N:/SDK/Elixir/lib/mix/ebin" type="simple" />
            <root url="file://N:/SDK/erl10.7/lib/asn1-5.0.10/ebin" type="simple" />
            <root url="file://N:/SDK/erl10.7/lib/common_test-1.18.2/ebin" type="simple" />
            <root url="file://N:/SDK/erl10.7/lib/compiler-7.5.3/ebin" type="simple" />
            <root url="file://N:/SDK/erl10.7/lib/crypto-4.6.5/ebin" type="simple" />
            <root url="file://N:/SDK/erl10.7/lib/debugger-4.2.8/ebin" type="simple" />
            <root url="file://N:/SDK/erl10.7/lib/dialyzer-4.1.1/ebin" type="simple" />
            <root url="file://N:/SDK/erl10.7/lib/diameter-2.2.3/ebin" type="simple" />
            <root url="file://N:/SDK/erl10.7/lib/edoc-0.11/ebin" type="simple" />
            <root url="file://N:/SDK/erl10.7/lib/eldap-1.2.8/ebin" type="simple" />
            <root url="file://N:/SDK/erl10.7/lib/erl_docgen-0.11/ebin" type="simple" />
            <root url="file://N:/SDK/erl10.7/lib/erl_interface-3.13.2/ebin" type="simple" />
            <root url="file://N:/SDK/erl10.7/lib/erts-10.7/ebin" type="simple" />
            <root url="file://N:/SDK/erl10.7/lib/et-1.6.4/ebin" type="simple" />
            <root url="file://N:/SDK/erl10.7/lib/eunit-2.4.1/ebin" type="simple" />
            <root url="file://N:/SDK/erl10.7/lib/ftp-1.0.4/ebin" type="simple" />
            <root url="file://N:/SDK/erl10.7/lib/hipe-3.19.3/ebin" type="simple" />
            <root url="file://N:/SDK/erl10.7/lib/inets-7.1.2/ebin" type="simple" />
            <root url="file://N:/SDK/erl10.7/lib/jinterface-1.10.1/ebin" type="simple" />
            <root url="file://N:/SDK/erl10.7/lib/kernel-6.5.2/ebin" type="simple" />
            <root url="file://N:/SDK/erl10.7/lib/megaco-3.18.8/ebin" type="simple" />
            <root url="file://N:/SDK/erl10.7/lib/mnesia-4.16.3/ebin" type="simple" />
            <root url="file://N:/SDK/erl10.7/lib/observer-2.9.3/ebin" type="simple" />
            <root url="file://N:/SDK/erl10.7/lib/odbc-2.12.4/ebin" type="simple" />
            <root url="file://N:/SDK/erl10.7/lib/os_mon-2.5.1/ebin" type="simple" />
            <root url="file://N:/SDK/erl10.7/lib/parsetools-2.1.8/ebin" type="simple" />
            <root url="file://N:/SDK/erl10.7/lib/public_key-1.7.2/ebin" type="simple" />
            <root url="file://N:/SDK/erl10.7/lib/reltool-0.8/ebin" type="simple" />
            <root url="file://N:/SDK/erl10.7/lib/runtime_tools-1.14/ebin" type="simple" />
            <root url="file://N:/SDK/erl10.7/lib/sasl-3.4.2/ebin" type="simple" />
            <root url="file://N:/SDK/erl10.7/lib/snmp-5.5/ebin" type="simple" />
            <root url="file://N:/SDK/erl10.7/lib/ssh-4.9/ebin" type="simple" />
            <root url="file://N:/SDK/erl10.7/lib/ssl-9.6/ebin" type="simple" />
            <root url="file://N:/SDK/erl10.7/lib/stdlib-3.12/ebin" type="simple" />
            <root url="file://N:/SDK/erl10.7/lib/syntax_tools-2.2.1/ebin" type="simple" />
            <root url="file://N:/SDK/erl10.7/lib/tftp-1.0.2/ebin" type="simple" />
            <root url="file://N:/SDK/erl10.7/lib/tools-3.3.1/ebin" type="simple" />
            <root url="file://N:/SDK/erl10.7/lib/wx-1.9/ebin" type="simple" />
            <root url="file://N:/SDK/erl10.7/lib/xmerl-1.3.23/ebin" type="simple" />
          </root>
        </classPath>
        <javadocPath>
          <root type="composite">
            <root url="https://hexdoc.pm/elixir" type="simple" />
            <root url="https://hexdoc.pm/ex_unit" type="simple" />
            <root url="https://hexdoc.pm/iex" type="simple" />
            <root url="https://hexdoc.pm/logger" type="simple" />
            <root url="https://hexdoc.pm/mix" type="simple" />
            <root url="http://www.erlang.org/documentation/doc-10.7" type="simple" />
            <root url="https://hexdoc.pm/eex" type="simple" />
          </root>
        </javadocPath>
        <sourcePath>
          <root type="composite">
            <root url="file://N:/SDK/Elixir/lib/eex/lib" type="simple" />
            <root url="file://N:/SDK/Elixir/lib/elixir/lib" type="simple" />
            <root url="file://N:/SDK/Elixir/lib/ex_unit/lib" type="simple" />
            <root url="file://N:/SDK/Elixir/lib/iex/lib" type="simple" />
            <root url="file://N:/SDK/Elixir/lib/logger/lib" type="simple" />
            <root url="file://N:/SDK/Elixir/lib/mix/lib" type="simple" />
            <root url="file://N:/SDK/erl10.7/lib" type="simple" />
          </root>
        </sourcePath>
      </roots>
      <additional erlang-sdk-name="Erlang 22" />
    </jdk>
    <jdk version="2">
      <name value="Erlang 22" />
      <type value="Erlang SDK" />
      <version value="OTP 22, erts-10.7" />
      <homePath value="N:/SDK/erl10.7" />
      <roots>
        <annotationsPath>
          <root type="composite" />
        </annotationsPath>
        <classPath>
          <root type="composite">
            <root url="file://N:/SDK/erl10.7/lib" type="simple" />
          </root>
        </classPath>
        <javadocPath>
          <root type="composite">
            <root url="http://www.erlang.org/documentation/doc-10.7" type="simple" />
          </root>
        </javadocPath>
        <sourcePath>
          <root type="composite">
            <root url="file://N:/SDK/erl10.7/lib" type="simple" />
          </root>
        </sourcePath>
      </roots>
      <additional />
    </jdk>
  </component>
</application>