<application>
  <component name="NotificationConfiguration">
    <notification groupId="AIR Packaging" />
    <notification groupId="Android Module Importing" />
    <notification groupId="Android Property Files Updating" />
    <notification groupId="Clean artifact" />
    <notification groupId="Compiler" displayType="NONE" />
    <notification groupId="Database editor log" displayType="NONE" />
    <notification groupId="Database refactoring log" displayType="NONE" />
    <notification groupId="Database view" displayType="TOOL_WINDOW" />
    <notification groupId="External Executable Critical Failures" displayType="STICKY_BALLOON" />
    <notification groupId="Flash app not compiled before launch" displayType="TOOL_WINDOW" shouldLog="false" />
    <notification groupId="Framework Detection" />
    <notification groupId="Git Important Messages" displayType="STICKY_BALLOON" />
    <notification groupId="Git Messages" displayType="TOOL_WINDOW" />
    <notification groupId="Git Minor Notifications" />
    <notification groupId="Grape" />
    <notification groupId="Groovy DSL errors" />
    <notification groupId="IDE Usage Statistics" displayType="STICKY_BALLOON" shouldLog="false" />
    <notification groupId="Maven Import" displayType="STICKY_BALLOON" />
    <notification groupId="OSGi Important Messages" displayType="STICKY_BALLOON" />
    <notification groupId="Project Loading Error" />
    <notification groupId="Reformat code with Emacs" />
    <notification groupId="Unknown Natures Detected" />
    <notification groupId="Update Checker" displayType="STICKY_BALLOON" />
    <notification groupId="Vcs Important Messages" displayType="STICKY_BALLOON" />
    <notification groupId="Vcs Minor Notifications" />
  </component>
</application>