<toolSet name="External Tools">
  <tool name="OpenFolder" showInMainMenu="false" showInEditor="false" showInProject="false" showInSearchPopup="false" disabled="false" useConsole="false" showConsoleOnStdOut="false" showConsoleOnStdErr="false" synchronizeAfterRun="true">
    <exec>
      <option name="COMMAND" value="C:\Windows\SysWOW64\explorer.exe" />
      <option name="PARAMETERS" value="$FileDir$" />
      <option name="WORKING_DIRECTORY" value="C:/Windows/SysWOW64" />
    </exec>
  </tool>
  <tool name="compile gpb_debug" description="compile gpb_debug.erl with erlc" showInMainMenu="false" showInEditor="false" showInProject="false" showInSearchPopup="false" disabled="false" useConsole="true" showConsoleOnStdOut="false" showConsoleOnStdErr="false" synchronizeAfterRun="true">
    <exec>
      <option name="COMMAND" value="$ModuleSdkPath$/bin/erlc.exe" />
      <option name="PARAMETERS" value="-d -o $ModuleFileDir$/ebin $ModuleFileDir$/src/gpb_debug.erl" />
      <option name="WORKING_DIRECTORY" value="$ModuleFileDir$" />
    </exec>
  </tool>
  <tool name="DirectoryOpus_Open" showInMainMenu="false" showInEditor="false" showInProject="false" showInSearchPopup="false" disabled="false" useConsole="false" showConsoleOnStdOut="false" showConsoleOnStdErr="false" synchronizeAfterRun="true">
    <exec>
      <option name="COMMAND" value="G:\Tool\DirectoryOpus\dopus.exe" />
      <option name="PARAMETERS" value="$FileDir$" />
      <option name="WORKING_DIRECTORY" value="G:/Tool/DirectoryOpus" />
    </exec>
  </tool>
</toolSet>